{"id":"818","content":"\nInorg. Chem. 2006, 45, 1591-1594\n\nGeO2 Natrolite-Type Infinite Four and Eight R-Containing Layers in a 2DPure-Ge Framework: Ge3O5(OH)4[C2N2H10]\n\nNatalia Snejko, Manuela E. Medina, Enrique Gutierrez-Puebla,* and M. Angeles Monge*\nInstitute of Material Science of Madrid, CSIC, c/Sor Juana Ines de la Cruz 3, Cantoblanco,28049 Madrid, Spain\n\nReceived June 24, 2005\n\nA new two-dimensional framework germanate, Ge3O5(OH)4[C2N2H10] (denoted ICMM-8), with a 3:9 Ge:O ratio hasbeen synthesized, using a mixture of pyridine, water, and ethanol as the solvent and 1,4-diazabicyclo[2.2.2]octaneand ethylenediamine as the structure-directing agents, under solvothermal conditions. The structure was determinedby single-crystal X-ray diffraction. In this new compound, the GeO2 natrolite-type infinite four and eight R-containinglayers appears for the first time in a pure GeO2 framework. The total 2D structure is built up from SBU-6, fourtetrahedra, and two octahedra. The hydroxyl groups occupy four positions of each octahedral germanium atom.The compound is characterized by IR spectra and TGA-DTA. Crystal data: Ge3O5(OH)4[C2N2H10], monoclinic spacegroup P21/c; a ) 11.3570(9) Å, b ) 8.8819(7) Å, c ) 9.9200(8) Å, (cid:226) ) 90.710(1), V ) 1000.6(1) Å 3, Z ) 4, R1) 0.044 (I > 2(I)), and wR2 ) 0.1051 (all data).\n\nIntroduction\n\nZeolites, the most well-known family of porous materials,belong to an important family of solids with immenseapplications in catalysis, ion exchange, and gas separation.In open-framework germanates, germanium analogues ofzeolite, in contrast to normally tetrahedrally coordinatedsilicon, germanium can form a variable and expandedcoordination environment because of the large Ge:O radiusratio. Anions (oxygen atoms or hydroxyl groups) are alsofrequently presented in 1-, 2-, or 3-coordination environ-ments, and thus a great number of novel structures canpotentially be obtained. During the past decade, a numberof new porous germanates have been obtained whosestructures consist of pure tetrahedral or mixed polyhedra.1-4Our interest is in the influence of the hydroxyl group in\n* To whom correspondence should be addressed. E-mail: amonge@icmm.csic.es (M.A.M.), egutierrez@icmm.csic.es (E.G.-P.). Tel.: 34-91-334-9000. Fax: 34-91-372-0623.(1) (a) Cascales, C.; Gutie´ rrez-Puebla, E.; Monge, M. A.; Ruiz-Valero,C. Angew. Chem., Int. Ed. 1998, 37, 129. (b) Cascales, C.; Gutie´ rrez-Puebla, E.; Monge, M. A.; Ruiz-Valero, C. Int. J. Inorg. Mater. 1999,1, 181. (c) Cascales, C.; Gutie´ rrez-Puebla, E.; Iglesias, M.; Monge,M. A.; Ruiz-Valero, C. Angew. Chem., Int. Ed. 1999, 111, 2592.(2) (a) Li, H.; Yaghi, O. M. J. Am. Chem. Soc. 1998, 120, 10569. (b) Li,H.; Eddaoudi, M.; Yaghi, O. M. Angew. Chem., Int. Ed. 1999, 38,653.(3) Beitone, L.; Loiseau, T.; Ferey, G. Inorg. Chem. 2002, 41, 3962 and\n","connections":[],"labels":[{"startIndex":1,"endIndex":13,"id":1,"text":"杂志名称"},{"startIndex":35,"endIndex":144,"id":2,"text":"标题"},{"startIndex":146,"endIndex":160,"id":3,"text":"作者"},{"startIndex":162,"endIndex":179,"id":4,"text":"作者"},{"startIndex":181,"endIndex":205,"id":5,"text":"作者"},{"startIndex":212,"endIndex":228,"id":6,"text":"作者"},{"startIndex":230,"endIndex":275,"id":7,"text":"单位"}],"status":"确认"}