{"connections":[],"content":"\nPAPER\n www.rsc.org/materials | Journal of Materials Chemistry\nCharacterization of the gel phases formed in the synthesis of microporousgallophosphate, cloverite†\n Zhimin Yan, Chris W. Kirby and Yining Huang*\n Received 13th August 2010, Accepted 11th September 2010DOI: 10.1039/c0jm02670k\n This work examines the formation of a microporous gallophosphate with an extra large pore system,namely cloverite (structure type: CLO) in ﬂuoride medium. The amorphous gallophosphate gelcontaining the key precursor to cloverite was characterized and its evolution followed by 31P, 71Ga, 19Fand 1H MAS NMR and several dipolar-coupling based double-resonance methods including 31P{71Ga}and 19F{71Ga} rotational-echo adiabatic passage double-resonance (REAPDOR), 31P{19F} and19F{31P} rotational-echo double-resonance (REDOR), and 1H{31P} REDOR and 1H{71Ga} transfer ofpopulations in double-resonance (TRAPDOR). The results indicate that upon mixing the Ga and Psources in the presence of structure directing agent (SDA) and HF, an amorphous oxyﬂuorinatedgallophosphate precursor containing single 4-rings (4Rs) with alternating Ga–O–P linkage formsimmediately. The Ga in the 4R is 6-coordinated and the two Ga in the 4R are bridged by a ﬂuorine.Heating quickly converts the 4Rs to double four-membered rings (D4Rs), from which the entire CLOstructure is built. The amount of the D4R rapidly increases with increasing heating time. The presenceof ﬂuoride ions greatly facilitates the formation of the 4Rs via bridging two Ga sites and thehydrothermal treatment promotes D4Rs via condensation. Interaction between SDA molecule and thephosphorus site in the gel is also probed. Further, the local structure of Ga sites in cloverite ischaracterized by 71Ga MAS NMR at ultrahigh magnetic ﬁeld of 21.1 T by obtaining their electric ﬁeldgradient tensor parameters.\n Introduction\n Zeolites are crystalline aluminosilicates containing regular poresand cavities of molecular dimensions. These materials havefound widespread applicationsin industry including ion-exchange, separation, and catalysis.1,2 In the 1980s, a new familyof microporous materials namely aluminophosphate (AlPO4)was discovered.3 Similar to zeolites, AlPO4-based materials andtheir derivatives have many potential and actualindustrialuses. In order to develop new applications and improve theperformance in current uses, extensive efforts have been devotedto preparing open-framework metal phosphatesin whichaluminium atoms are completely replaced by other elements.4Particularly, open-framework gallophosphates (GaPO4s), havereceived considerable attention.4–6The reason for replacing aluminium in microporous alumi-nophosphates and aluminosilicates by gallium stems from theneed to adjust the properties of the framework for particularapplications. Gallium displays chemical properties very similarto those of aluminium, but it has a stronger basicity.6 Comparedto aluminium, gallium can adopt several types of coordinationgeometry (tetrahedron, trigonal bipyramid and octahedron)more easily. As a result, the coordination numbers in many Gacontaining compounds are higher than those of Al. Furthermore,the ﬂuoride method, ﬁrst applied to silica-based zeolite synthesis,\nDepartment of Chemistry, The University of Western Ontario, London,Ontario, Canada N6A 5B7. E-mail: yhuang@uwo.ca† Electronic supplementary information (ESI) available: Further spectraldata. See DOI: 10.1039/c0jm02670k\n is particularly suitable for synthesizing porous gallophos-phates.7,8 Exploitation of the expanded geometry feature ofgallium via the ﬂuoride route has led to the discovery of a seriesof new ﬂuorinated microporous gallium phosphates, some ofwhich have novel architectures with no aluminophosphate oraluminosilicate counterparts. The notable examples includeMu-n,9–11 ULM-n,12–15 MIL-n,16,17 DIPYR-GaPO18 and inparticular, cloverite with extra large pores.19–23Synthesis of open-framework inorganic gallophosphates issimilar to zeolites and aluminophosphates. Solid and liquidreagents together with an organic amine as a structure-directingagent (SDA) are combined with a solvent (usually water),yielding a reactive gel from which a gallophosphate crystallizesunder hydrothermal conditions. However, compared to the verylarge body of literatures describing the crystallization mecha-nisms of zeolites and microporous aluminophosphates, fewstudies devoted to the crystallization of microporous gallo-phosphates are reported in the literature [ref. 8, 24–27 and the\n","others":[{"text":"GeO2/SiO2","value":"0"},{"text":"SDA/SiO2","value":"0"},{"text":"SiO2/Al2O3","value":"0"},{"text":"NaOH/SiO2","value":"0"},{"text":"KOH/SiO2","value":"0"},{"text":"HF/SiO2","value":"0"},{"text":"H2O/SiO2","value":"0"}],"labels":[{"startIndex":63,"endIndex":161,"id":0,"text":"标题"},{"startIndex":32,"endIndex":62,"id":1,"text":"杂志名称"},{"startIndex":265,"endIndex":288,"id":2,"text":"doi"},{"startIndex":164,"endIndex":174,"id":3,"text":"作者"},{"startIndex":176,"endIndex":190,"id":4,"text":"作者"},{"startIndex":195,"endIndex":207,"id":5,"text":"作者"},{"startIndex":3222,"endIndex":3280,"id":7,"text":"单位"}]}